path,size_bytes,compressed_size_bytes
source_runs/01_architecture_selection/ARCHITECTURE_SELECTION_TRACEABILITY.md,825,461
source_runs/01_architecture_selection/architecture_selection_metrics_from_executed_notebook.csv,2810,680
source_runs/01_architecture_selection/executed_ideal_minimal_task_hyperparameter_tuning_with_architectures.ipynb,106318,22208
source_runs/01_architecture_selection/ideal_minimal_task_hyperparameter_tuning_with_architectures.ipynb,92917,20524
source_runs/02_black_scholes_final_benchmark/executed_final_benchmark_comparison.ipynb,3107116,1963542
source_runs/02_black_scholes_final_benchmark/final_benchmark_comparison.ipynb,3033481,1962270
source_runs/02_black_scholes_final_benchmark/final_benchmark_outputs/average_delta_by_moneyness.csv,3678,836
source_runs/02_black_scholes_final_benchmark/final_benchmark_outputs/average_delta_by_moneyness.png,88271,77545
source_runs/02_black_scholes_final_benchmark/final_benchmark_outputs/benchmark_hedge_error_histograms.png,92973,77137
source_runs/02_black_scholes_final_benchmark/final_benchmark_outputs/benchmark_rmse_bar.png,101519,82038
source_runs/02_black_scholes_final_benchmark/final_benchmark_outputs/collapse_compact.csv,372,195
source_runs/02_black_scholes_final_benchmark/final_benchmark_outputs/collapse_compact.tex,910,482
source_runs/02_black_scholes_final_benchmark/final_benchmark_outputs/data_generation_ST_distributions.png,71365,60393
source_runs/02_black_scholes_final_benchmark/final_benchmark_outputs/data_generation_comparison.csv,421,232
source_runs/02_black_scholes_final_benchmark/final_benchmark_outputs/data_generation_comparison.tex,902,489
source_runs/02_black_scholes_final_benchmark/final_benchmark_outputs/data_generation_convergence.png,104488,86168
source_runs/02_black_scholes_final_benchmark/final_benchmark_outputs/data_generation_learning_curves.png,148782,129829
source_runs/02_black_scholes_final_benchmark/final_benchmark_outputs/final_benchmark_metrics.csv,1331,672
source_runs/02_black_scholes_final_benchmark/final_benchmark_outputs/final_benchmark_metrics.tex,978,448
source_runs/02_black_scholes_final_benchmark/final_benchmark_outputs/learning_curve_train_val.png,128060,111024
source_runs/02_black_scholes_final_benchmark/final_benchmark_outputs/nn_training_history.csv,21359,9774
source_runs/02_black_scholes_final_benchmark/final_benchmark_outputs/path_count_comparison.csv,1215,499
source_runs/02_black_scholes_final_benchmark/final_benchmark_outputs/path_count_comparison.tex,1225,569
source_runs/02_black_scholes_final_benchmark/final_benchmark_outputs/path_count_learning_curves.png,221575,181471
source_runs/02_black_scholes_final_benchmark/final_benchmark_outputs/path_count_performance.png,180087,160071
source_runs/02_black_scholes_final_benchmark/final_benchmark_outputs/pathwise_atm.png,206457,194715
source_runs/02_black_scholes_final_benchmark/final_benchmark_outputs/pathwise_itm.png,269680,259610
source_runs/02_black_scholes_final_benchmark/final_benchmark_outputs/pathwise_otm.png,156010,142365
source_runs/02_black_scholes_final_benchmark/final_benchmark_outputs/pnl_four_strategies.png,80651,67950
source_runs/02_black_scholes_final_benchmark/final_benchmark_outputs/pnl_left_tail_zoom.png,94741,79440
source_runs/02_black_scholes_final_benchmark/final_benchmark_outputs/robustness_compact.csv,372,195
source_runs/02_black_scholes_final_benchmark/final_benchmark_outputs/robustness_compact.tex,871,451
source_runs/02_black_scholes_final_benchmark/final_benchmark_outputs/robustness_rmse.csv,758,351
source_runs/02_black_scholes_final_benchmark/final_benchmark_outputs/robustness_rmse.tex,906,457
source_runs/02_black_scholes_final_benchmark/final_benchmark_outputs/universal_delta_by_moneyness.png,128200,113112
source_runs/02_black_scholes_final_benchmark/final_benchmark_outputs/universal_delta_curves_3x3.png,300105,268793
source_runs/02_black_scholes_final_benchmark/final_benchmark_outputs/universal_heatmap.png,122045,105823
source_runs/02_black_scholes_final_benchmark/final_benchmark_outputs/universal_learning_curve.png,79765,67712
source_runs/02_black_scholes_final_benchmark/final_benchmark_outputs/universal_robustness.csv,374,182
source_runs/02_black_scholes_final_benchmark/final_benchmark_outputs/universal_robustness.tex,970,478
source_runs/02_black_scholes_final_benchmark/final_benchmark_outputs/universal_robustness_with_extrapolation.csv,2592,1189
source_runs/02_black_scholes_final_benchmark/final_benchmark_outputs/universal_robustness_with_extrapolation.tex,1752,666
source_runs/02_black_scholes_final_benchmark/final_benchmark_outputs/universal_training_history.csv,10973,4799
source_runs/03_parameter_robustness_and_parameter_conditioning/PARAMETER_ROBUSTNESS_FULL_RERUN_NOTE.md,770,442
source_runs/03_parameter_robustness_and_parameter_conditioning/history_K_0p8.csv,12962,6015
source_runs/03_parameter_robustness_and_parameter_conditioning/history_K_1p0.csv,12924,6002
source_runs/03_parameter_robustness_and_parameter_conditioning/history_K_1p1.csv,12935,5994
source_runs/03_parameter_robustness_and_parameter_conditioning/history_K_1p2.csv,12987,6022
source_runs/03_parameter_robustness_and_parameter_conditioning/history_N_250.csv,12929,6048
source_runs/03_parameter_robustness_and_parameter_conditioning/history_N_30.csv,12967,5927
source_runs/03_parameter_robustness_and_parameter_conditioning/history_N_60.csv,13056,5947
source_runs/03_parameter_robustness_and_parameter_conditioning/history_T_0p25.csv,12950,5977
source_runs/03_parameter_robustness_and_parameter_conditioning/history_T_1p0.csv,13013,5983
source_runs/03_parameter_robustness_and_parameter_conditioning/history_baseline.csv,12903,6010
source_runs/03_parameter_robustness_and_parameter_conditioning/history_sigma_0p2.csv,13053,6021
source_runs/03_parameter_robustness_and_parameter_conditioning/history_sigma_0p6.csv,13023,5994
source_runs/03_parameter_robustness_and_parameter_conditioning/parameter_robustness_full_rerun_manifest.csv,1367,286
source_runs/03_parameter_robustness_and_parameter_conditioning/parameter_robustness_nn_vs_benchmarks.csv,5360,2285
source_runs/03_parameter_robustness_and_parameter_conditioning/parameter_robustness_study.ipynb,31060,7500
source_runs/03_parameter_robustness_and_parameter_conditioning/parameter_robustness_summary.csv,16448,6024
source_runs/03_parameter_robustness_and_parameter_conditioning/parameter_robustness_table.tex,1185,555
source_runs/03_parameter_robustness_and_parameter_conditioning/robustness_ratio_vs_K.png,63458,52598
source_runs/03_parameter_robustness_and_parameter_conditioning/robustness_ratio_vs_N.png,62506,51832
source_runs/03_parameter_robustness_and_parameter_conditioning/robustness_ratio_vs_T.png,57264,46180
source_runs/03_parameter_robustness_and_parameter_conditioning/robustness_ratio_vs_sigma.png,61785,51103
source_runs/03_parameter_robustness_and_parameter_conditioning/robustness_rmse_vs_K.png,114526,102433
source_runs/03_parameter_robustness_and_parameter_conditioning/robustness_rmse_vs_N.png,102875,91256
source_runs/03_parameter_robustness_and_parameter_conditioning/robustness_rmse_vs_T.png,109972,97036
source_runs/03_parameter_robustness_and_parameter_conditioning/robustness_rmse_vs_sigma.png,108887,96339
source_runs/04_transaction_costs/executed_transaction_cost_neural_hedging_extension.ipynb,697958,448211
source_runs/04_transaction_costs/transaction_cost_neural_hedging_extension.ipynb,709114,454823
source_runs/04_transaction_costs/transaction_cost_outputs/transaction_cost_average_delta_by_moneyness.png,108601,96584
source_runs/04_transaction_costs/transaction_cost_outputs/transaction_cost_compact_results.csv,4321,1384
source_runs/04_transaction_costs/transaction_cost_outputs/transaction_cost_cvar95_vs_lambda.png,126901,113242
source_runs/04_transaction_costs/transaction_cost_outputs/transaction_cost_hedge_error_histograms_representative.png,82572,67856
source_runs/04_transaction_costs/transaction_cost_outputs/transaction_cost_mean_cost_vs_lambda.png,118835,105852
source_runs/04_transaction_costs/transaction_cost_outputs/transaction_cost_mean_turnover_vs_lambda.png,106096,93079
source_runs/04_transaction_costs/transaction_cost_outputs/transaction_cost_notrade_band_selection.csv,9409,3469
source_runs/04_transaction_costs/transaction_cost_outputs/transaction_cost_representative_table.csv,959,456
source_runs/04_transaction_costs/transaction_cost_outputs/transaction_cost_representative_table.tex,769,349
source_runs/04_transaction_costs/transaction_cost_outputs/transaction_cost_results.csv,7481,2331
source_runs/04_transaction_costs/transaction_cost_outputs/transaction_cost_rmse_bar_representative.png,120209,97355
source_runs/04_transaction_costs/transaction_cost_outputs/transaction_cost_rmse_vs_lambda.png,129555,115878
source_runs/04_transaction_costs/transaction_cost_outputs/transaction_cost_training_summary.csv,389,237
source_runs/04_transaction_costs/transaction_cost_outputs/transaction_cost_turnover_bar_representative.png,116164,95367
source_runs/04_transaction_costs/transaction_cost_outputs/transaction_cost_turnover_histograms_representative.png,66661,53081
source_runs/04_transaction_costs/transaction_cost_outputs/transaction_cost_validation_loss.png,87991,73274
source_runs/05_heston_fullinfo_true_vol/executed_heston_stock_option_neural_hedging_COS_obsvol_multiseed_corrected.ipynb,1999246,1225755
source_runs/05_heston_fullinfo_true_vol/heston_delta_vega_outputs/heston_cos_carr_madan_validation_traded_range.csv,2187,893
source_runs/05_heston_fullinfo_true_vol/heston_delta_vega_outputs/heston_cos_carr_madan_validation_traded_range_fullinfo.csv,2187,893
source_runs/05_heston_fullinfo_true_vol/heston_delta_vega_outputs/heston_cos_greek_finite_difference_check.csv,270,178
source_runs/05_heston_fullinfo_true_vol/heston_delta_vega_outputs/heston_cos_greek_finite_difference_check_fullinfo.csv,270,178
source_runs/05_heston_fullinfo_true_vol/heston_delta_vega_outputs/heston_cos_short_maturity_stress_diagnostic.csv,549,257
source_runs/05_heston_fullinfo_true_vol/heston_delta_vega_outputs/heston_cos_short_maturity_stress_diagnostic_fullinfo.csv,549,257
source_runs/05_heston_fullinfo_true_vol/heston_delta_vega_outputs/heston_cos_validation_note.txt,447,282
source_runs/05_heston_fullinfo_true_vol/heston_delta_vega_outputs/heston_cos_validation_note_fullinfo.txt,447,282
source_runs/05_heston_fullinfo_true_vol/heston_delta_vega_outputs/heston_delta_vega_clip_saturation.csv,418,255
source_runs/05_heston_fullinfo_true_vol/heston_delta_vega_outputs/heston_delta_vega_clip_saturation_fullinfo.csv,418,255
source_runs/05_heston_fullinfo_true_vol/heston_delta_vega_outputs/heston_delta_vega_clip_sensitivity.csv,532,328
source_runs/05_heston_fullinfo_true_vol/heston_delta_vega_outputs/heston_delta_vega_clip_sensitivity_fullinfo.csv,532,328
source_runs/05_heston_fullinfo_true_vol/heston_delta_vega_outputs/heston_delta_vega_clip_sensitivity_note.txt,251,184
source_runs/05_heston_fullinfo_true_vol/heston_delta_vega_outputs/heston_delta_vega_clip_sensitivity_note_fullinfo.txt,251,184
source_runs/05_heston_fullinfo_true_vol/heston_delta_vega_outputs/heston_delta_vega_cvar95_bar.png,124325,101054
source_runs/05_heston_fullinfo_true_vol/heston_delta_vega_outputs/heston_delta_vega_cvar95_bar_fullinfo.png,124325,101054
source_runs/05_heston_fullinfo_true_vol/heston_delta_vega_outputs/heston_delta_vega_hedge_error_histograms.png,70583,58404
source_runs/05_heston_fullinfo_true_vol/heston_delta_vega_outputs/heston_delta_vega_hedge_error_histograms_fullinfo.png,70583,58404
source_runs/05_heston_fullinfo_true_vol/heston_delta_vega_outputs/heston_delta_vega_improvement_summary.csv,285,190
source_runs/05_heston_fullinfo_true_vol/heston_delta_vega_outputs/heston_delta_vega_improvement_summary_fullinfo.csv,285,190
source_runs/05_heston_fullinfo_true_vol/heston_delta_vega_outputs/heston_delta_vega_results.csv,1751,880
source_runs/05_heston_fullinfo_true_vol/heston_delta_vega_outputs/heston_delta_vega_results_fullinfo.csv,1751,880
source_runs/05_heston_fullinfo_true_vol/heston_delta_vega_outputs/heston_delta_vega_rmse_bar.png,127577,103862
source_runs/05_heston_fullinfo_true_vol/heston_delta_vega_outputs/heston_delta_vega_rmse_bar_fullinfo.png,127577,103862
source_runs/05_heston_fullinfo_true_vol/heston_delta_vega_outputs/heston_delta_vega_validation_loss.png,93670,83821
source_runs/05_heston_fullinfo_true_vol/heston_delta_vega_outputs/heston_delta_vega_validation_loss_fullinfo.png,93670,83821
source_runs/05_heston_fullinfo_true_vol/heston_delta_vega_outputs/heston_eta_saturation_diagnostics.csv,229,164
source_runs/05_heston_fullinfo_true_vol/heston_delta_vega_outputs/heston_eta_saturation_diagnostics_fullinfo.csv,229,164
source_runs/05_heston_fullinfo_true_vol/heston_delta_vega_outputs/heston_mode_suffixed_archive_manifest_fullinfo.csv,2964,542
source_runs/05_heston_fullinfo_true_vol/heston_delta_vega_outputs/heston_multiseed_headline_fair.csv,2671,1025
source_runs/05_heston_fullinfo_true_vol/heston_delta_vega_outputs/heston_multiseed_headline_fair_fullinfo.csv,2671,1025
source_runs/05_heston_fullinfo_true_vol/heston_delta_vega_outputs/heston_multiseed_headline_summary.csv,1821,841
source_runs/05_heston_fullinfo_true_vol/heston_delta_vega_outputs/heston_multiseed_headline_summary_fullinfo.csv,1821,841
source_runs/05_heston_fullinfo_true_vol/heston_delta_vega_outputs/heston_multiseed_pairwise_improvements.csv,1884,701
source_runs/05_heston_fullinfo_true_vol/heston_delta_vega_outputs/heston_multiseed_pairwise_improvements_fullinfo.csv,1884,701
source_runs/05_heston_fullinfo_true_vol/heston_delta_vega_outputs/heston_multiseed_pairwise_summary.csv,1037,467
source_runs/05_heston_fullinfo_true_vol/heston_delta_vega_outputs/heston_multiseed_pairwise_summary_fullinfo.csv,1037,467
source_runs/05_heston_fullinfo_true_vol/heston_delta_vega_outputs/heston_multiseed_report_note.txt,863,443
source_runs/05_heston_fullinfo_true_vol/heston_delta_vega_outputs/heston_multiseed_report_note_fullinfo.txt,863,443
source_runs/05_heston_fullinfo_true_vol/heston_delta_vega_outputs/heston_multiseed_training_diagnostics.csv,353,177
source_runs/05_heston_fullinfo_true_vol/heston_delta_vega_outputs/heston_multiseed_training_diagnostics_fullinfo.csv,353,177
source_runs/05_heston_fullinfo_true_vol/heston_delta_vega_outputs/heston_observable_variance_proxy_fidelity.csv,195,130
source_runs/05_heston_fullinfo_true_vol/heston_delta_vega_outputs/heston_observable_variance_proxy_fidelity_fullinfo.csv,195,130
source_runs/05_heston_fullinfo_true_vol/heston_delta_vega_outputs/heston_option_position_by_moneyness.png,127301,115473
source_runs/05_heston_fullinfo_true_vol/heston_delta_vega_outputs/heston_option_position_by_moneyness_fullinfo.png,127301,115473
source_runs/05_heston_fullinfo_true_vol/heston_delta_vega_outputs/heston_option_position_by_variance.png,113476,101483
source_runs/05_heston_fullinfo_true_vol/heston_delta_vega_outputs/heston_option_position_by_variance_fullinfo.png,113476,101483
source_runs/05_heston_fullinfo_true_vol/heston_delta_vega_outputs/heston_parameter_table.csv,442,264
source_runs/05_heston_fullinfo_true_vol/heston_delta_vega_outputs/heston_parameter_table_fullinfo.csv,442,264
source_runs/05_heston_fullinfo_true_vol/heston_delta_vega_outputs/heston_positions_by_moneyness.csv,1951,920
source_runs/05_heston_fullinfo_true_vol/heston_delta_vega_outputs/heston_positions_by_moneyness_fullinfo.csv,1951,920
source_runs/05_heston_fullinfo_true_vol/heston_delta_vega_outputs/heston_proxy_option_drift_diagnostics.csv,558,300
source_runs/05_heston_fullinfo_true_vol/heston_delta_vega_outputs/heston_proxy_option_drift_diagnostics_fullinfo.csv,558,300
source_runs/05_heston_fullinfo_true_vol/heston_delta_vega_outputs/heston_report_output_manifest.csv,1170,347
source_runs/05_heston_fullinfo_true_vol/heston_delta_vega_outputs/heston_report_output_manifest_fullinfo.csv,1170,347
source_runs/05_heston_fullinfo_true_vol/heston_delta_vega_outputs/heston_revised_cvar95_bar.png,125053,103350
source_runs/05_heston_fullinfo_true_vol/heston_delta_vega_outputs/heston_revised_cvar95_bar_fullinfo.png,125053,103350
source_runs/05_heston_fullinfo_true_vol/heston_delta_vega_outputs/heston_revised_hedge_error_histograms.png,86864,73087
source_runs/05_heston_fullinfo_true_vol/heston_delta_vega_outputs/heston_revised_hedge_error_histograms_fullinfo.png,86864,73087
source_runs/05_heston_fullinfo_true_vol/heston_delta_vega_outputs/heston_revised_improvement_summary.csv,453,255
source_runs/05_heston_fullinfo_true_vol/heston_delta_vega_outputs/heston_revised_improvement_summary_fullinfo.csv,453,255
source_runs/05_heston_fullinfo_true_vol/heston_delta_vega_outputs/heston_revised_option_position_by_moneyness.png,127301,115473
source_runs/05_heston_fullinfo_true_vol/heston_delta_vega_outputs/heston_revised_option_position_by_moneyness_fullinfo.png,127301,115473
source_runs/05_heston_fullinfo_true_vol/heston_delta_vega_outputs/heston_revised_option_position_by_variance.csv,814,414
source_runs/05_heston_fullinfo_true_vol/heston_delta_vega_outputs/heston_revised_option_position_by_variance.png,113476,101483
source_runs/05_heston_fullinfo_true_vol/heston_delta_vega_outputs/heston_revised_option_position_by_variance_fullinfo.csv,814,414
source_runs/05_heston_fullinfo_true_vol/heston_delta_vega_outputs/heston_revised_option_position_by_variance_fullinfo.png,113476,101483
source_runs/05_heston_fullinfo_true_vol/heston_delta_vega_outputs/heston_revised_raw_mean_he_bar.png,145094,120811
source_runs/05_heston_fullinfo_true_vol/heston_delta_vega_outputs/heston_revised_raw_mean_he_bar_fullinfo.png,145094,120811
source_runs/05_heston_fullinfo_true_vol/heston_delta_vega_outputs/heston_revised_report_output_manifest.csv,3161,803
source_runs/05_heston_fullinfo_true_vol/heston_delta_vega_outputs/heston_revised_report_output_manifest_fullinfo.csv,3161,803
source_runs/05_heston_fullinfo_true_vol/heston_delta_vega_outputs/heston_revised_results_fair_premium.csv,2095,1020
source_runs/05_heston_fullinfo_true_vol/heston_delta_vega_outputs/heston_revised_results_fair_premium_fullinfo.csv,2095,1020
source_runs/05_heston_fullinfo_true_vol/heston_delta_vega_outputs/heston_revised_results_raw_premium.csv,2077,1029
source_runs/05_heston_fullinfo_true_vol/heston_delta_vega_outputs/heston_revised_results_raw_premium_fullinfo.csv,2077,1029
source_runs/05_heston_fullinfo_true_vol/heston_delta_vega_outputs/heston_revised_rmse_bar.png,130384,107546
source_runs/05_heston_fullinfo_true_vol/heston_delta_vega_outputs/heston_revised_rmse_bar_fullinfo.png,130384,107546
source_runs/05_heston_fullinfo_true_vol/heston_delta_vega_outputs/heston_revised_stock_position_by_moneyness.png,186649,173402
source_runs/05_heston_fullinfo_true_vol/heston_delta_vega_outputs/heston_revised_stock_position_by_moneyness_fullinfo.png,186649,173402
source_runs/05_heston_fullinfo_true_vol/heston_delta_vega_outputs/heston_same_path_bs_proxy_comparison_summary.csv,646,350
source_runs/05_heston_fullinfo_true_vol/heston_delta_vega_outputs/heston_same_path_bs_proxy_comparison_summary_fullinfo.csv,646,350
source_runs/05_heston_fullinfo_true_vol/heston_delta_vega_outputs/heston_same_path_bs_proxy_delta_vega_fair.csv,2086,984
source_runs/05_heston_fullinfo_true_vol/heston_delta_vega_outputs/heston_same_path_bs_proxy_delta_vega_fair_fullinfo.csv,2086,984
source_runs/05_heston_fullinfo_true_vol/heston_delta_vega_outputs/heston_same_path_bs_proxy_delta_vega_raw.csv,1158,520
source_runs/05_heston_fullinfo_true_vol/heston_delta_vega_outputs/heston_same_path_bs_proxy_delta_vega_raw_fullinfo.csv,1158,520
source_runs/05_heston_fullinfo_true_vol/heston_delta_vega_outputs/heston_same_path_bs_proxy_eta_saturation.csv,409,257
source_runs/05_heston_fullinfo_true_vol/heston_delta_vega_outputs/heston_same_path_bs_proxy_eta_saturation_fullinfo.csv,409,257
source_runs/05_heston_fullinfo_true_vol/heston_delta_vega_outputs/heston_same_path_bs_proxy_option_drift.csv,477,270
source_runs/05_heston_fullinfo_true_vol/heston_delta_vega_outputs/heston_same_path_bs_proxy_option_drift_fullinfo.csv,477,270
source_runs/05_heston_fullinfo_true_vol/heston_delta_vega_outputs/heston_same_path_bs_proxy_reconciliation_note.txt,806,381
source_runs/05_heston_fullinfo_true_vol/heston_delta_vega_outputs/heston_same_path_bs_proxy_reconciliation_note_fullinfo.txt,806,381
source_runs/05_heston_fullinfo_true_vol/heston_delta_vega_outputs/heston_sample_stock_paths.png,543887,537405
source_runs/05_heston_fullinfo_true_vol/heston_delta_vega_outputs/heston_sample_stock_paths_fullinfo.png,543887,537405
source_runs/05_heston_fullinfo_true_vol/heston_delta_vega_outputs/heston_sample_variance_paths.png,592024,585987
source_runs/05_heston_fullinfo_true_vol/heston_delta_vega_outputs/heston_sample_variance_paths_fullinfo.png,592024,585987
source_runs/05_heston_fullinfo_true_vol/heston_delta_vega_outputs/heston_stock_position_by_moneyness.png,165034,151534
source_runs/05_heston_fullinfo_true_vol/heston_delta_vega_outputs/heston_stock_position_by_moneyness_fullinfo.png,165034,151534
source_runs/05_heston_fullinfo_true_vol/heston_delta_vega_outputs/stock_only_heston_training_history.csv,10192,4419
source_runs/05_heston_fullinfo_true_vol/heston_delta_vega_outputs/stock_only_heston_training_history_fullinfo.csv,10192,4419
source_runs/05_heston_fullinfo_true_vol/heston_delta_vega_outputs/stock_only_tanh_training_history.csv,10155,4500
source_runs/05_heston_fullinfo_true_vol/heston_delta_vega_outputs/stock_only_tanh_training_history_fullinfo.csv,10155,4500
source_runs/05_heston_fullinfo_true_vol/heston_delta_vega_outputs/stock_option_heston_training_history.csv,10149,4601
source_runs/05_heston_fullinfo_true_vol/heston_delta_vega_outputs/stock_option_heston_training_history_fullinfo.csv,10149,4601
source_runs/05_heston_fullinfo_true_vol/heston_delta_vega_results.csv,1751,880
source_runs/05_heston_fullinfo_true_vol/heston_stock_option_neural_hedging_COS_obsvol_multiseed_corrected.ipynb,2113756,1233609
source_runs/06_heston_observable_vol/executed_heston_stock_option_neural_hedging_COS_obsvol_multiseed_corrected.ipynb,1991643,1218368
source_runs/06_heston_observable_vol/heston_delta_vega_outputs/heston_cos_carr_madan_validation_traded_range.csv,2187,893
source_runs/06_heston_observable_vol/heston_delta_vega_outputs/heston_cos_carr_madan_validation_traded_range_obsvol.csv,2187,893
source_runs/06_heston_observable_vol/heston_delta_vega_outputs/heston_cos_greek_finite_difference_check.csv,270,178
source_runs/06_heston_observable_vol/heston_delta_vega_outputs/heston_cos_greek_finite_difference_check_obsvol.csv,270,178
source_runs/06_heston_observable_vol/heston_delta_vega_outputs/heston_cos_short_maturity_stress_diagnostic.csv,549,257
source_runs/06_heston_observable_vol/heston_delta_vega_outputs/heston_cos_short_maturity_stress_diagnostic_obsvol.csv,549,257
source_runs/06_heston_observable_vol/heston_delta_vega_outputs/heston_cos_validation_note.txt,447,282
source_runs/06_heston_observable_vol/heston_delta_vega_outputs/heston_cos_validation_note_obsvol.txt,447,282
source_runs/06_heston_observable_vol/heston_delta_vega_outputs/heston_delta_vega_clip_saturation.csv,415,251
source_runs/06_heston_observable_vol/heston_delta_vega_outputs/heston_delta_vega_clip_saturation_obsvol.csv,415,251
source_runs/06_heston_observable_vol/heston_delta_vega_outputs/heston_delta_vega_clip_sensitivity.csv,532,326
source_runs/06_heston_observable_vol/heston_delta_vega_outputs/heston_delta_vega_clip_sensitivity_note.txt,249,182
source_runs/06_heston_observable_vol/heston_delta_vega_outputs/heston_delta_vega_clip_sensitivity_note_obsvol.txt,249,182
source_runs/06_heston_observable_vol/heston_delta_vega_outputs/heston_delta_vega_clip_sensitivity_obsvol.csv,532,326
source_runs/06_heston_observable_vol/heston_delta_vega_outputs/heston_delta_vega_cvar95_bar.png,124325,101055
source_runs/06_heston_observable_vol/heston_delta_vega_outputs/heston_delta_vega_cvar95_bar_obsvol.png,124325,101055
source_runs/06_heston_observable_vol/heston_delta_vega_outputs/heston_delta_vega_hedge_error_histograms.png,68987,57050
source_runs/06_heston_observable_vol/heston_delta_vega_outputs/heston_delta_vega_hedge_error_histograms_obsvol.png,68987,57050
source_runs/06_heston_observable_vol/heston_delta_vega_outputs/heston_delta_vega_improvement_summary.csv,286,191
source_runs/06_heston_observable_vol/heston_delta_vega_outputs/heston_delta_vega_improvement_summary_obsvol.csv,286,191
source_runs/06_heston_observable_vol/heston_delta_vega_outputs/heston_delta_vega_results.csv,1755,887
source_runs/06_heston_observable_vol/heston_delta_vega_outputs/heston_delta_vega_results_obsvol.csv,1755,887
source_runs/06_heston_observable_vol/heston_delta_vega_outputs/heston_delta_vega_rmse_bar.png,127577,103855
source_runs/06_heston_observable_vol/heston_delta_vega_outputs/heston_delta_vega_rmse_bar_obsvol.png,127577,103855
source_runs/06_heston_observable_vol/heston_delta_vega_outputs/heston_delta_vega_validation_loss.png,91032,80862
source_runs/06_heston_observable_vol/heston_delta_vega_outputs/heston_delta_vega_validation_loss_obsvol.png,91032,80862
source_runs/06_heston_observable_vol/heston_delta_vega_outputs/heston_eta_saturation_diagnostics.csv,227,162
source_runs/06_heston_observable_vol/heston_delta_vega_outputs/heston_eta_saturation_diagnostics_obsvol.csv,227,162
source_runs/06_heston_observable_vol/heston_delta_vega_outputs/heston_mode_suffixed_archive_manifest_obsvol.csv,2760,538
source_runs/06_heston_observable_vol/heston_delta_vega_outputs/heston_multiseed_headline_fair.csv,2649,1049
source_runs/06_heston_observable_vol/heston_delta_vega_outputs/heston_multiseed_headline_fair_obsvol.csv,2649,1049
source_runs/06_heston_observable_vol/heston_delta_vega_outputs/heston_multiseed_headline_summary.csv,1893,878
source_runs/06_heston_observable_vol/heston_delta_vega_outputs/heston_multiseed_headline_summary_obsvol.csv,1893,878
source_runs/06_heston_observable_vol/heston_delta_vega_outputs/heston_multiseed_pairwise_improvements.csv,1884,699
source_runs/06_heston_observable_vol/heston_delta_vega_outputs/heston_multiseed_pairwise_improvements_obsvol.csv,1884,699
source_runs/06_heston_observable_vol/heston_delta_vega_outputs/heston_multiseed_pairwise_summary.csv,1031,461
source_runs/06_heston_observable_vol/heston_delta_vega_outputs/heston_multiseed_pairwise_summary_obsvol.csv,1031,461
source_runs/06_heston_observable_vol/heston_delta_vega_outputs/heston_multiseed_report_note.txt,857,444
source_runs/06_heston_observable_vol/heston_delta_vega_outputs/heston_multiseed_report_note_obsvol.txt,857,444
source_runs/06_heston_observable_vol/heston_delta_vega_outputs/heston_multiseed_training_diagnostics.csv,354,181
source_runs/06_heston_observable_vol/heston_delta_vega_outputs/heston_multiseed_training_diagnostics_obsvol.csv,354,181
source_runs/06_heston_observable_vol/heston_delta_vega_outputs/heston_observable_variance_proxy_fidelity.csv,241,163
source_runs/06_heston_observable_vol/heston_delta_vega_outputs/heston_observable_variance_proxy_fidelity_obsvol.csv,241,163
source_runs/06_heston_observable_vol/heston_delta_vega_outputs/heston_option_position_by_moneyness.png,128632,116279
source_runs/06_heston_observable_vol/heston_delta_vega_outputs/heston_option_position_by_moneyness_obsvol.png,128632,116279
source_runs/06_heston_observable_vol/heston_delta_vega_outputs/heston_option_position_by_variance.png,108769,94819
source_runs/06_heston_observable_vol/heston_delta_vega_outputs/heston_option_position_by_variance_obsvol.png,108769,94819
source_runs/06_heston_observable_vol/heston_delta_vega_outputs/heston_parameter_table.csv,442,264
source_runs/06_heston_observable_vol/heston_delta_vega_outputs/heston_parameter_table_obsvol.csv,442,264
source_runs/06_heston_observable_vol/heston_delta_vega_outputs/heston_positions_by_moneyness.csv,1948,927
source_runs/06_heston_observable_vol/heston_delta_vega_outputs/heston_positions_by_moneyness_obsvol.csv,1948,927
source_runs/06_heston_observable_vol/heston_delta_vega_outputs/heston_proxy_option_drift_diagnostics.csv,558,300
source_runs/06_heston_observable_vol/heston_delta_vega_outputs/heston_proxy_option_drift_diagnostics_obsvol.csv,558,300
source_runs/06_heston_observable_vol/heston_delta_vega_outputs/heston_report_output_manifest.csv,1170,347
source_runs/06_heston_observable_vol/heston_delta_vega_outputs/heston_report_output_manifest_obsvol.csv,1170,347
source_runs/06_heston_observable_vol/heston_delta_vega_outputs/heston_revised_cvar95_bar.png,125043,103331
source_runs/06_heston_observable_vol/heston_delta_vega_outputs/heston_revised_cvar95_bar_obsvol.png,125043,103331
source_runs/06_heston_observable_vol/heston_delta_vega_outputs/heston_revised_hedge_error_histograms.png,86325,72682
source_runs/06_heston_observable_vol/heston_delta_vega_outputs/heston_revised_hedge_error_histograms_obsvol.png,86325,72682
source_runs/06_heston_observable_vol/heston_delta_vega_outputs/heston_revised_improvement_summary.csv,452,255
source_runs/06_heston_observable_vol/heston_delta_vega_outputs/heston_revised_improvement_summary_obsvol.csv,452,255
source_runs/06_heston_observable_vol/heston_delta_vega_outputs/heston_revised_option_position_by_moneyness.png,128632,116279
source_runs/06_heston_observable_vol/heston_delta_vega_outputs/heston_revised_option_position_by_moneyness_obsvol.png,128632,116279
source_runs/06_heston_observable_vol/heston_delta_vega_outputs/heston_revised_option_position_by_variance.csv,809,407
source_runs/06_heston_observable_vol/heston_delta_vega_outputs/heston_revised_option_position_by_variance.png,108769,94819
source_runs/06_heston_observable_vol/heston_delta_vega_outputs/heston_revised_option_position_by_variance_obsvol.csv,809,407
source_runs/06_heston_observable_vol/heston_delta_vega_outputs/heston_revised_option_position_by_variance_obsvol.png,108769,94819
source_runs/06_heston_observable_vol/heston_delta_vega_outputs/heston_revised_raw_mean_he_bar.png,140278,116569
source_runs/06_heston_observable_vol/heston_delta_vega_outputs/heston_revised_raw_mean_he_bar_obsvol.png,140278,116569
source_runs/06_heston_observable_vol/heston_delta_vega_outputs/heston_revised_report_output_manifest.csv,3161,803
source_runs/06_heston_observable_vol/heston_delta_vega_outputs/heston_revised_report_output_manifest_obsvol.csv,3161,803
source_runs/06_heston_observable_vol/heston_delta_vega_outputs/heston_revised_results_fair_premium.csv,2092,1027
source_runs/06_heston_observable_vol/heston_delta_vega_outputs/heston_revised_results_fair_premium_obsvol.csv,2092,1027
source_runs/06_heston_observable_vol/heston_delta_vega_outputs/heston_revised_results_raw_premium.csv,2079,1036
source_runs/06_heston_observable_vol/heston_delta_vega_outputs/heston_revised_results_raw_premium_obsvol.csv,2079,1036
source_runs/06_heston_observable_vol/heston_delta_vega_outputs/heston_revised_rmse_bar.png,130376,107521
source_runs/06_heston_observable_vol/heston_delta_vega_outputs/heston_revised_rmse_bar_obsvol.png,130376,107521
source_runs/06_heston_observable_vol/heston_delta_vega_outputs/heston_revised_stock_position_by_moneyness.png,188153,174810
source_runs/06_heston_observable_vol/heston_delta_vega_outputs/heston_revised_stock_position_by_moneyness_obsvol.png,188153,174810
source_runs/06_heston_observable_vol/heston_delta_vega_outputs/heston_same_path_bs_proxy_comparison_summary.csv,641,351
source_runs/06_heston_observable_vol/heston_delta_vega_outputs/heston_same_path_bs_proxy_comparison_summary_obsvol.csv,641,351
source_runs/06_heston_observable_vol/heston_delta_vega_outputs/heston_same_path_bs_proxy_delta_vega_fair.csv,2084,980
source_runs/06_heston_observable_vol/heston_delta_vega_outputs/heston_same_path_bs_proxy_delta_vega_fair_obsvol.csv,2084,980
source_runs/06_heston_observable_vol/heston_delta_vega_outputs/heston_same_path_bs_proxy_delta_vega_raw.csv,1162,520
source_runs/06_heston_observable_vol/heston_delta_vega_outputs/heston_same_path_bs_proxy_delta_vega_raw_obsvol.csv,1162,520
source_runs/06_heston_observable_vol/heston_delta_vega_outputs/heston_same_path_bs_proxy_eta_saturation.csv,410,258
source_runs/06_heston_observable_vol/heston_delta_vega_outputs/heston_same_path_bs_proxy_eta_saturation_obsvol.csv,410,258
source_runs/06_heston_observable_vol/heston_delta_vega_outputs/heston_same_path_bs_proxy_option_drift.csv,477,270
source_runs/06_heston_observable_vol/heston_delta_vega_outputs/heston_same_path_bs_proxy_option_drift_obsvol.csv,477,270
source_runs/06_heston_observable_vol/heston_delta_vega_outputs/heston_same_path_bs_proxy_reconciliation_note.txt,806,380
source_runs/06_heston_observable_vol/heston_delta_vega_outputs/heston_same_path_bs_proxy_reconciliation_note_obsvol.txt,806,380
source_runs/06_heston_observable_vol/heston_delta_vega_outputs/heston_sample_stock_paths.png,543887,537405
source_runs/06_heston_observable_vol/heston_delta_vega_outputs/heston_sample_stock_paths_obsvol.png,543887,537405
source_runs/06_heston_observable_vol/heston_delta_vega_outputs/heston_sample_variance_paths.png,592024,585987
source_runs/06_heston_observable_vol/heston_delta_vega_outputs/heston_sample_variance_paths_obsvol.png,592024,585987
source_runs/06_heston_observable_vol/heston_delta_vega_outputs/heston_stock_position_by_moneyness.png,166543,153028
source_runs/06_heston_observable_vol/heston_delta_vega_outputs/heston_stock_position_by_moneyness_obsvol.png,166543,153028
source_runs/06_heston_observable_vol/heston_delta_vega_outputs/stock_only_heston_training_history.csv,10215,4423
source_runs/06_heston_observable_vol/heston_delta_vega_outputs/stock_only_heston_training_history_obsvol.csv,10215,4423
source_runs/06_heston_observable_vol/heston_delta_vega_outputs/stock_only_tanh_training_history.csv,10158,4489
source_runs/06_heston_observable_vol/heston_delta_vega_outputs/stock_only_tanh_training_history_obsvol.csv,10158,4489
source_runs/06_heston_observable_vol/heston_delta_vega_outputs/stock_option_heston_training_history.csv,10161,4550
source_runs/06_heston_observable_vol/heston_delta_vega_outputs/stock_option_heston_training_history_obsvol.csv,10161,4550
source_runs/06_heston_observable_vol/heston_delta_vega_results.csv,1755,887
source_runs/06_heston_observable_vol/heston_stock_option_neural_hedging_COS_obsvol_multiseed_corrected.ipynb,2113739,1233597
