path,size_bytes
parameter_robustness_outputs/history_K_0p8.csv,12962
parameter_robustness_outputs/history_K_1p0.csv,12924
parameter_robustness_outputs/history_K_1p1.csv,12935
parameter_robustness_outputs/history_K_1p2.csv,12987
parameter_robustness_outputs/history_N_250.csv,12929
parameter_robustness_outputs/history_N_30.csv,12967
parameter_robustness_outputs/history_N_60.csv,13056
parameter_robustness_outputs/history_T_0p25.csv,12950
parameter_robustness_outputs/history_T_1p0.csv,13013
parameter_robustness_outputs/history_baseline.csv,12903
parameter_robustness_outputs/history_sigma_0p2.csv,13053
parameter_robustness_outputs/history_sigma_0p6.csv,13023
parameter_robustness_outputs/parameter_robustness_nn_vs_benchmarks.csv,5360
parameter_robustness_outputs/parameter_robustness_summary.csv,16448
parameter_robustness_outputs/parameter_robustness_table.tex,1185
parameter_robustness_outputs/robustness_ratio_vs_K.png,63458
parameter_robustness_outputs/robustness_ratio_vs_N.png,62506
parameter_robustness_outputs/robustness_ratio_vs_T.png,57264
parameter_robustness_outputs/robustness_ratio_vs_sigma.png,61785
parameter_robustness_outputs/robustness_rmse_vs_K.png,114526
parameter_robustness_outputs/robustness_rmse_vs_N.png,102875
parameter_robustness_outputs/robustness_rmse_vs_T.png,109972
parameter_robustness_outputs/robustness_rmse_vs_sigma.png,108887
