Mode,ModeSuffixedFile
obsvol,heston_cos_carr_madan_validation_traded_range_obsvol.csv
obsvol,heston_cos_greek_finite_difference_check_obsvol.csv
obsvol,heston_cos_short_maturity_stress_diagnostic_obsvol.csv
obsvol,heston_cos_validation_note_obsvol.txt
obsvol,heston_delta_vega_clip_saturation_obsvol.csv
obsvol,heston_delta_vega_clip_sensitivity_obsvol.csv
obsvol,heston_delta_vega_clip_sensitivity_note_obsvol.txt
obsvol,heston_delta_vega_cvar95_bar_obsvol.png
obsvol,heston_delta_vega_hedge_error_histograms_obsvol.png
obsvol,heston_delta_vega_improvement_summary_obsvol.csv
obsvol,heston_delta_vega_results_obsvol.csv
obsvol,heston_delta_vega_rmse_bar_obsvol.png
obsvol,heston_delta_vega_validation_loss_obsvol.png
obsvol,heston_eta_saturation_diagnostics_obsvol.csv
obsvol,heston_multiseed_headline_fair_obsvol.csv
obsvol,heston_multiseed_headline_summary_obsvol.csv
obsvol,heston_multiseed_pairwise_improvements_obsvol.csv
obsvol,heston_multiseed_pairwise_summary_obsvol.csv
obsvol,heston_multiseed_report_note_obsvol.txt
obsvol,heston_multiseed_training_diagnostics_obsvol.csv
obsvol,heston_observable_variance_proxy_fidelity_obsvol.csv
obsvol,heston_option_position_by_moneyness_obsvol.png
obsvol,heston_option_position_by_variance_obsvol.png
obsvol,heston_parameter_table_obsvol.csv
obsvol,heston_positions_by_moneyness_obsvol.csv
obsvol,heston_proxy_option_drift_diagnostics_obsvol.csv
obsvol,heston_report_output_manifest_obsvol.csv
obsvol,heston_revised_cvar95_bar_obsvol.png
obsvol,heston_revised_hedge_error_histograms_obsvol.png
obsvol,heston_revised_improvement_summary_obsvol.csv
obsvol,heston_revised_option_position_by_moneyness_obsvol.png
obsvol,heston_revised_option_position_by_variance_obsvol.csv
obsvol,heston_revised_option_position_by_variance_obsvol.png
obsvol,heston_revised_raw_mean_he_bar_obsvol.png
obsvol,heston_revised_report_output_manifest_obsvol.csv
obsvol,heston_revised_results_fair_premium_obsvol.csv
obsvol,heston_revised_results_raw_premium_obsvol.csv
obsvol,heston_revised_rmse_bar_obsvol.png
obsvol,heston_revised_stock_position_by_moneyness_obsvol.png
obsvol,heston_same_path_bs_proxy_comparison_summary_obsvol.csv
obsvol,heston_same_path_bs_proxy_delta_vega_fair_obsvol.csv
obsvol,heston_same_path_bs_proxy_delta_vega_raw_obsvol.csv
obsvol,heston_same_path_bs_proxy_eta_saturation_obsvol.csv
obsvol,heston_same_path_bs_proxy_option_drift_obsvol.csv
obsvol,heston_same_path_bs_proxy_reconciliation_note_obsvol.txt
obsvol,heston_sample_stock_paths_obsvol.png
obsvol,heston_sample_variance_paths_obsvol.png
obsvol,heston_stock_position_by_moneyness_obsvol.png
obsvol,stock_only_heston_training_history_obsvol.csv
obsvol,stock_only_tanh_training_history_obsvol.csv
obsvol,stock_option_heston_training_history_obsvol.csv
